{
  "name": "backend",
  "version": "1.0.0",
  "description": "",
  "main": "index.js",
  "scripts": {
    "test": "echo \"Error: no test specified\" && exit 1",
    "start": "nodemon index"
  },
  "dependencies": {
    "bcryptjs": "^2.4.3",
    "cors": "^2.8.5",
    "dotenv": "^16.3.1",
    "express": "^4.18.2",
    "jsonwebtoken": "^9.0.2",
    "mongoose": "^7.5.2",
    "multer": "^1.4.5-lts.1",
    "nodemon": "^3.0.1"
  },
  "keywords": [],
  "author": "",
  "license": "ISC"
}